Samples,Memory_Required_GB,Num_Runs,Device_Median_s,Device_P25_s,Device_P75_s,Device_Min_s,Device_Max_s,Device_Pi_Median,Host_Median_s,Host_P25_s,Host_P75_s,Host_Min_s,Host_Max_s,Host_Pi_Median,OMP_Median_s,OMP_P25_s,OMP_P75_s,OMP_Min_s,OMP_Max_s,OMP_Pi_Median
1,8e-09,20,9.73475e-05,7.893425e-05,0.00010543075,6.9786e-05,0.000170742,4,4e-08,3.75e-08,5e-08,3e-08,1.11e-07,4,1.1561e-05,1.050075e-05,1.6757e-05,1.0203e-05,0.015990669,4
10,8e-08,20,0.000121822,0.00011063275,0.00013059,0.000100104,0.000157893,3.2,1.4e-07,1.3e-07,1.41e-07,1.2e-07,1.51e-07,3.2,1.08445e-05,1.050375e-05,1.29085e-05,1.0253e-05,3.9699e-05,3.2
100,8e-07,20,0.000118124,0.00011111125,0.000137525,9.3971e-05,0.000188562,3.14,1.082e-06,1.073e-06,1.08225e-06,1.062e-06,1.123e-06,3.14,1.18515e-05,1.0915e-05,1.57605e-05,1.0724e-05,2.8874e-05,3.1
1000,8e-06,20,0.0001173975,0.00011269675,0.00012782625,0.000108553,0.000158094,3.146,1.0403e-05,1.0393e-05,1.042325e-05,1.0383e-05,9.0362e-05,3.142,1.14655e-05,1.12175e-05,1.179875e-05,1.0935e-05,3.4647e-05,3.126
10000,8e-05,20,0.0001129875,0.000106283,0.0001224315,9.6115e-05,0.000145505,3.1468,0.000103747,0.00010372275,0.000103813,0.000103722,0.00019233,3.14,2.13175e-05,1.937125e-05,4.79495e-05,1.8812e-05,0.000154065,3.141
100000,0.0008,20,0.0001155785,0.0001042205,0.00014090075,9.1595e-05,0.000230777,3.1415,0.0010585985,0.00104682275,0.00107427825,0.001037171,0.001141945,3.14372,9.6461e-05,9.576475e-05,0.000100858,9.4351e-05,0.000224712,3.1412
1000000,0.008,20,0.000125852,0.000120479,0.00012853,0.000106949,0.000163205,3.141684,0.01086507,0.0105840643,0.0110407867,0.009993982,0.013296191,3.14169,0.000851285,0.00084385775,0.0008674385,0.000828644,0.000910297,3.141356
10000000,0.08,20,0.0008479675,0.00084065325,0.00085705,0.000824214,0.000955148,3.1412762,0.105196989,0.104354038,0.105720564,0.101095428,0.107708406,3.1415384,0.007664975,0.005945095,0.00875983775,0.00539807,0.009370592,3.1415024
100000000,0.8,20,0.0071754035,0.00716829925,0.00718377275,0.00715503,0.00721319,3.14157648,1.00280832,0.99639691,1.04530888,0.990477517,1.07377436,3.1415891,0.0820379985,0.0730296073,0.0884782403,0.05468403,0.095994075,3.14158856
