Samples,Method,Run,Seconds,Pi_Estimate
1,device,1,0.000276229,0
1,host,1,4.6e-08,0
1,omp,1,1.0911e-05,0
1,device,2,0.000323979,4
1,host,2,1.02e-07,4
1,omp,2,9.131e-06,4
1,device,3,0.000276773,4
1,host,3,4.6e-08,4
1,omp,3,9.362e-06,4
1,device,4,0.000238716,4
1,host,4,3.6e-08,4
1,omp,4,9.435e-06,4
1,device,5,0.00023119,4
1,host,5,3.7e-08,4
1,omp,5,9.242e-06,4
1,device,6,0.000302304,4
1,host,6,3.7e-08,4
1,omp,6,2.4175e-05,4
1,device,7,0.000303789,0
1,host,7,4.6e-08,0
1,omp,7,9.611e-06,0
1,device,8,0.000398229,4
1,host,8,3.6e-08,4
1,omp,8,9.307e-06,4
1,device,9,0.000268268,4
1,host,9,3.7e-08,4
1,omp,9,9.381e-06,0
1,device,10,0.000309267,4
1,host,10,9.2e-08,4
1,omp,10,1.0146e-05,4
1,device,11,0.000255236,4
1,host,11,3.6e-08,4
1,omp,11,9.067e-06,4
1,device,12,0.000262098,0
1,host,12,7.4e-08,4
1,omp,12,1.2065e-05,4
1,device,13,0.000318113,4
1,host,13,4.6e-08,4
1,omp,13,9.27e-06,4
1,device,14,0.000228229,0
1,host,14,3.7e-08,0
1,omp,14,9.417e-06,0
1,device,15,0.000287638,4
1,host,15,5.5e-08,4
1,omp,15,1.1917e-05,4
1,device,16,0.000170637,4
1,host,16,3.7e-08,4
1,omp,16,9.122e-06,0
1,device,17,0.000285056,4
1,host,17,9.3e-08,4
1,omp,17,1.4158e-05,4
1,device,18,0.00028418,0
1,host,18,3.7e-08,0
1,omp,18,9.491e-06,0
1,device,19,0.000215344,4
1,host,19,2.8e-08,4
1,omp,19,1.093e-05,4
1,device,20,0.0002768,4
1,host,20,2.7e-08,4
1,omp,20,9.445e-06,4
10,device,1,0.000276653,3.2
10,host,1,1.29e-07,2.8
10,omp,1,1.117e-05,2.8
10,device,2,0.000298752,3.2
10,host,2,1.29e-07,2.4
10,omp,2,9.768e-06,2.8
10,device,3,0.000357249,2.8
10,host,3,1.39e-07,3.6
10,omp,3,9.731e-06,2.8
10,device,4,0.000369562,4
10,host,4,1.29e-07,3.6
10,omp,4,9.998e-06,2
10,device,5,0.000355883,2.8
10,host,5,1.11e-07,3.2
10,omp,5,9.731e-06,3.2
10,device,6,0.000367137,3.6
10,host,6,1.11e-07,3.2
10,omp,6,9.528e-06,3.2
10,device,7,0.000355635,3.6
10,host,7,1.19e-07,2
10,omp,7,1.022e-05,3.6
10,device,8,0.000372043,2.8
10,host,8,1.2e-07,3.6
10,omp,8,9.851e-06,3.6
10,device,9,0.000332437,2.8
10,host,9,1.2e-07,3.2
10,omp,9,8.2266e-05,3.2
10,device,10,0.00037909,2.4
10,host,10,1.2e-07,3.6
10,omp,10,1.1281e-05,2.4
10,device,11,0.000343985,3.2
10,host,11,1.2e-07,4
10,omp,11,1.2249e-05,2.8
10,device,12,0.000327189,3.6
10,host,12,1.11e-07,2.8
10,omp,12,9.685e-06,3.6
10,device,13,0.000343525,2.8
10,host,13,1.11e-07,3.2
10,omp,13,9.86e-06,3.6
10,device,14,0.00038979,4
10,host,14,1.2e-07,3.2
10,omp,14,9.62e-06,3.2
10,device,15,0.00030176,2.8
10,host,15,1.11e-07,2.8
10,omp,15,9.408e-06,2.8
10,device,16,0.00026896,3.2
10,host,16,1.2e-07,2.8
10,omp,16,9.704e-06,3.2
10,device,17,0.000265843,3.6
10,host,17,1.2e-07,3.6
10,omp,17,9.565e-06,3.2
10,device,18,0.000318464,2.8
10,host,18,1.11e-07,4
10,omp,18,9.518e-06,2.8
10,device,19,0.000231457,1.2
10,host,19,1.66e-07,3.2
10,omp,19,9.888e-06,3.2
10,device,20,0.000251039,3.2
10,host,20,1.11e-07,3.2
10,omp,20,9.694e-06,3.6
100,device,1,0.000303871,3.36
100,host,1,9.96e-07,3.48
100,omp,1,2.7791e-05,3.2
100,device,2,0.000295709,3.12
100,host,2,9.59e-07,3.28
100,omp,2,1.0469e-05,3.24
100,device,3,0.000318731,3.12
100,host,3,9.68e-07,3.08
100,omp,3,1.0109e-05,3.44
100,device,4,0.000399179,3.12
100,host,4,9.59e-07,3.28
100,omp,4,9.491e-06,3.36
100,device,5,0.000296041,3.12
100,host,5,9.68e-07,3.04
100,omp,5,9.602e-06,3
100,device,6,0.000290101,3.16
100,host,6,9.78e-07,2.84
100,omp,6,9.426e-06,3.04
100,device,7,0.000385639,3.04
100,host,7,9.69e-07,3.12
100,omp,7,9.491e-06,3.28
100,device,8,0.000291789,3.28
100,host,8,9.69e-07,3.2
100,omp,8,9.51e-06,3.04
100,device,9,0.000368603,2.84
100,host,9,9.69e-07,3
100,omp,9,3.2799e-05,2.96
100,device,10,0.000310043,3.16
100,host,10,9.77e-07,3.08
100,omp,10,9.952e-06,3
100,device,11,0.000322034,2.8
100,host,11,9.68e-07,3.4
100,omp,11,9.454e-06,2.92
100,device,12,0.000393258,2.84
100,host,12,9.78e-07,3.08
100,omp,12,9.695e-06,3.44
100,device,13,0.000377052,2.92
100,host,13,9.6e-07,3.04
100,omp,13,9.657e-06,3.04
100,device,14,0.000419545,3.32
100,host,14,9.78e-07,3.4
100,omp,14,9.316e-06,3.24
100,device,15,0.000587368,2.96
100,host,15,9.68e-07,2.96
100,omp,15,1.0312e-05,3.28
100,device,16,0.000289935,3.32
100,host,16,9.78e-07,3.28
100,omp,16,1.8844e-05,3.08
100,device,17,0.000289336,3.24
100,host,17,9.69e-07,3.16
100,omp,17,1.0183e-05,3.2
100,device,18,0.000322919,3.16
100,host,18,9.69e-07,3.4
100,omp,18,9.685e-06,2.88
100,device,19,0.000267743,3.4
100,host,19,9.78e-07,2.96
100,omp,19,3.3131e-05,3.24
100,device,20,0.000319533,3.16
100,host,20,9.68e-07,3.24
100,omp,20,9.537e-06,3.28
1000,device,1,0.00053342,3.18
1000,host,1,9.325e-06,3.136
1000,omp,1,1.3006e-05,3.116
1000,device,2,0.000582683,3.152
1000,host,2,9.371e-06,3.216
1000,omp,2,1.1161e-05,3.256
1000,device,3,0.000592193,3.136
1000,host,3,9.306e-06,3.168
1000,omp,3,2.2515e-05,3.16
1000,device,4,0.000564826,3.192
1000,host,4,9.352e-06,3.112
1000,omp,4,1.1446e-05,3.2
1000,device,5,0.000539655,3.188
1000,host,5,9.325e-06,3.244
1000,omp,5,1.1326e-05,3.208
1000,device,6,0.000412608,3.184
1000,host,6,9.297e-06,3.132
1000,omp,6,1.0911e-05,3.068
1000,device,7,0.000284318,3.136
1000,host,7,9.297e-06,3.236
1000,omp,7,2.5134e-05,3.132
1000,device,8,0.000261047,3.072
1000,host,8,9.372e-06,3.024
1000,omp,8,1.1447e-05,3.14
1000,device,9,0.000311213,3.08
1000,host,9,9.298e-06,3.124
1000,omp,9,3.8038e-05,3.096
1000,device,10,0.000283294,3.108
1000,host,10,9.298e-06,3.188
1000,omp,10,1.1087e-05,3.132
1000,device,11,0.00031221,3.152
1000,host,11,9.307e-06,3.144
1000,omp,11,1.2009e-05,3.168
1000,device,12,0.000267125,3.14
1000,host,12,9.362e-06,3.112
1000,omp,12,1.6418e-05,3.124
1000,device,13,0.000258446,2.944
1000,host,13,9.298e-06,3.14
1000,omp,13,2.4885e-05,3.212
1000,device,14,0.000335389,3.184
1000,host,14,9.316e-06,3.156
1000,omp,14,1.1133e-05,3.168
1000,device,15,0.000314165,3.172
1000,host,15,9.306e-06,3.2
1000,omp,15,1.104e-05,3.116
1000,device,16,0.000261194,3.1
1000,host,16,9.316e-06,3.136
1000,omp,16,2.6914e-05,3.08
1000,device,17,0.000277262,3.036
1000,host,17,9.353e-06,3.116
1000,omp,17,1.1078e-05,3.12
1000,device,18,0.000253659,3.152
1000,host,18,9.316e-06,3.1
1000,omp,18,1.141e-05,3.172
1000,device,19,0.000216386,3.192
1000,host,19,9.297e-06,3.24
1000,omp,19,1.0248e-05,3.104
1000,device,20,0.000232804,3.092
1000,host,20,9.316e-06,3.176
1000,omp,20,2.5873e-05,3.028
10000,device,1,0.000311749,3.1672
10000,host,1,9.1904e-05,3.1356
10000,omp,1,1.9314e-05,3.1464
10000,device,2,0.000288357,3.1316
10000,host,2,9.1867e-05,3.1116
10000,omp,2,1.782e-05,3.1384
10000,device,3,0.000468329,3.1484
10000,host,3,0.000110066,3.1412
10000,omp,3,1.7839e-05,3.1408
10000,device,4,0.00036674,3.1668
10000,host,4,9.1802e-05,3.1464
10000,omp,4,1.805e-05,3.1324
10000,device,5,0.000545364,3.1516
10000,host,5,0.000125653,3.1276
10000,omp,5,1.7405e-05,3.1564
10000,device,6,0.000369553,3.1616
10000,host,6,9.089e-05,3.1404
10000,omp,6,1.7276e-05,3.1512
10000,device,7,0.000457777,3.1564
10000,host,7,9.9043e-05,3.1616
10000,omp,7,1.6962e-05,3.1524
10000,device,8,0.000516772,3.1348
10000,host,8,0.000105103,3.1368
10000,omp,8,1.7599e-05,3.1456
10000,device,9,0.000360053,3.1284
10000,host,9,9.0899e-05,3.1676
10000,omp,9,3.517e-05,3.1672
10000,device,10,0.00043018,3.1708
10000,host,10,9.0954e-05,3.11
10000,omp,10,1.7885e-05,3.1328
10000,device,11,0.000615381,3.1452
10000,host,11,0.000117167,3.1428
10000,omp,11,1.794e-05,3.1232
10000,device,12,0.000497328,3.166
10000,host,12,9.0917e-05,3.1556
10000,omp,12,1.6169e-05,3.1372
10000,device,13,0.00044527,3.1332
10000,host,13,0.000145567,3.1276
10000,omp,13,1.7793e-05,3.1172
10000,device,14,0.000288081,3.1324
10000,host,14,0.000126234,3.122
10000,omp,14,1.6123e-05,3.1532
10000,device,15,0.000279669,3.1504
10000,host,15,8.994e-05,3.114
10000,omp,15,1.6049e-05,3.1332
10000,device,16,0.000281043,3.1252
10000,host,16,9.8932e-05,3.1592
10000,omp,16,1.591e-05,3.146
10000,device,17,0.000313013,3.106
10000,host,17,9.0197e-05,3.1396
10000,omp,17,1.7903e-05,3.1408
10000,device,18,0.000304951,3.1504
10000,host,18,8.9995e-05,3.1644
10000,omp,18,1.7839e-05,3.1216
10000,device,19,0.000315438,3.1336
10000,host,19,8.993e-05,3.1268
10000,omp,19,1.7571e-05,3.1328
10000,device,20,0.000347731,3.1256
10000,host,20,8.993e-05,3.1508
10000,omp,20,1.7396e-05,3.1292
100000,device,1,0.000370291,3.1462
100000,host,1,0.000946084,3.14648
100000,omp,1,9.0105e-05,3.142
100000,device,2,0.000507659,3.14004
100000,host,2,0.000991538,3.13012
100000,omp,2,0.000105564,3.14256
100000,device,3,0.000394116,3.14412
100000,host,3,0.000994813,3.14884
100000,omp,3,9.7097e-05,3.1456
100000,device,4,0.000560251,3.14068
100000,host,4,0.001130242,3.14504
100000,omp,4,8.7956e-05,3.14392
100000,device,5,0.000537811,3.13652
100000,host,5,0.001140952,3.14548
100000,omp,5,0.000102013,3.15032
100000,device,6,0.000489626,3.13692
100000,host,6,0.001105026,3.14376
100000,omp,6,8.4664e-05,3.13128
100000,device,7,0.000472193,3.14268
100000,host,7,0.001126516,3.13484
100000,omp,7,9.9467e-05,3.14384
100000,device,8,0.000319026,3.14276
100000,host,8,0.001203774,3.14612
100000,omp,8,8.7938e-05,3.14256
100000,device,9,0.000306113,3.13916
100000,host,9,0.001000531,3.14368
100000,omp,9,8.5576e-05,3.14292
100000,device,10,0.00031031,3.14468
100000,host,10,0.00104593,3.14664
100000,omp,10,8.4691e-05,3.13688
100000,device,11,0.000274606,3.15008
100000,host,11,0.001107414,3.14112
100000,omp,11,8.4609e-05,3.14124
100000,device,12,0.000263224,3.15052
100000,host,12,0.001028488,3.13636
100000,omp,12,9.1673e-05,3.13268
100000,device,13,0.000275712,3.1402
100000,host,13,0.001038606,3.14272
100000,omp,13,9.0908e-05,3.1464
100000,device,14,0.000277806,3.14188
100000,host,14,0.000961248,3.15096
100000,omp,14,8.9238e-05,3.14164
100000,device,15,0.000275942,3.13532
100000,host,15,0.00101682,3.13044
100000,omp,15,0.000103184,3.14328
100000,device,16,0.000365467,3.14476
100000,host,16,0.001000522,3.13384
100000,omp,16,0.000106007,3.13468
100000,device,17,0.000238025,3.13724
100000,host,17,0.001038385,3.1472
100000,omp,17,0.000103683,3.14796
100000,device,18,0.000240348,3.1398
100000,host,18,0.000972473,3.13656
100000,omp,18,8.8861e-05,3.14036
100000,device,19,0.000232093,3.14152
100000,host,19,0.001135426,3.14568
100000,omp,19,8.6481e-05,3.15488
100000,device,20,0.000237591,3.14148
100000,host,20,0.001064054,3.14368
100000,omp,20,9.0816e-05,3.14308
1000000,device,1,0.000171467,3.142636
1000000,host,1,0.009526642,3.14178
1000000,omp,1,0.000824378,3.141932
1000000,device,2,0.00018688,3.14134
1000000,host,2,0.00975501,3.141732
1000000,omp,2,0.000790749,3.140908
1000000,device,3,0.000162649,3.14222
1000000,host,3,0.010277195,3.14018
1000000,omp,3,0.000782346,3.141584
1000000,device,4,0.000156958,3.140896
1000000,host,4,0.010034808,3.143732
1000000,omp,4,0.000829286,3.141508
1000000,device,5,0.000150687,3.143476
1000000,host,5,0.010249533,3.140332
1000000,omp,5,0.000779229,3.140256
1000000,device,6,0.00015314,3.142028
1000000,host,6,0.010615867,3.140576
1000000,omp,6,0.000807463,3.142004
1000000,device,7,0.000198603,3.140348
1000000,host,7,0.0102036,3.140112
1000000,omp,7,0.000779542,3.140176
1000000,device,8,0.000206914,3.143336
1000000,host,8,0.010497354,3.140932
1000000,omp,8,0.000795002,3.142072
1000000,device,9,0.000171117,3.13954
1000000,host,9,0.009614469,3.14524
1000000,omp,9,0.000818244,3.141188
1000000,device,10,0.000141379,3.143336
1000000,host,10,0.009291607,3.144728
1000000,omp,10,0.000799945,3.141536
1000000,device,11,0.000133789,3.140576
1000000,host,11,0.010707855,3.142188
1000000,omp,11,0.000793009,3.139912
1000000,device,12,0.000150382,3.144692
1000000,host,12,0.009640259,3.139508
1000000,omp,12,0.0007848,3.141964
1000000,device,13,0.000105094,3.141036
1000000,host,13,0.010333948,3.141648
1000000,omp,13,0.000813863,3.13944
1000000,device,14,0.000127581,3.144852
1000000,host,14,0.010237718,3.139712
1000000,omp,14,0.000814067,3.139284
1000000,device,15,0.000157373,3.139308
1000000,host,15,0.009749289,3.14054
1000000,omp,15,0.00080678,3.139208
1000000,device,16,0.00016181,3.142192
1000000,host,16,0.009469068,3.13992
1000000,omp,16,0.000790371,3.140108
1000000,device,17,0.000127425,3.139388
1000000,host,17,0.009303957,3.14186
1000000,omp,17,0.000812277,3.143908
1000000,device,18,0.000138013,3.140764
1000000,host,18,0.009358846,3.141808
1000000,omp,18,0.000850887,3.14192
1000000,device,19,0.000151618,3.138636
1000000,host,19,0.009874695,3.143404
1000000,omp,19,0.000632251,3.142772
1000000,device,20,0.000133254,3.142636
1000000,host,20,0.009476005,3.144196
1000000,omp,20,0.000523089,3.139976
10000000,device,1,0.000757669,3.1417196
10000000,host,1,0.093990954,3.1411112
10000000,omp,1,0.018644716,3.142106
10000000,device,2,0.000754952,3.1404996
10000000,host,2,0.094275871,3.1419648
10000000,omp,2,0.009557163,3.1423108
10000000,device,3,0.000746098,3.140906
10000000,host,3,0.09383561,3.140926
10000000,omp,3,0.018449664,3.1428644
10000000,device,4,0.000745545,3.1419088
10000000,host,4,0.095066913,3.1426332
10000000,omp,4,0.014040907,3.1415436
10000000,device,5,0.000745221,3.1411828
10000000,host,5,0.098862241,3.1422464
10000000,omp,5,0.009287751,3.1424212
10000000,device,6,0.000735712,3.1417936
10000000,host,6,0.095261406,3.1422
10000000,omp,6,0.009875775,3.1420012
10000000,device,7,0.00073099,3.1413696
10000000,host,7,0.094358856,3.1416788
10000000,omp,7,0.009252913,3.14235
10000000,device,8,0.00072897,3.14222
10000000,host,8,0.094537916,3.1408064
10000000,omp,8,0.008505675,3.140814
10000000,device,9,0.000734891,3.14164
10000000,host,9,0.094213789,3.1425272
10000000,omp,9,0.008128491,3.1427376
10000000,device,10,0.000736127,3.1418228
10000000,host,10,0.096918768,3.1412644
10000000,omp,10,0.008209572,3.1415944
10000000,device,11,0.000733138,3.1421704
10000000,host,11,0.097621894,3.1419988
10000000,omp,11,0.008637855,3.1410932
10000000,device,12,0.000745766,3.1402384
10000000,host,12,0.094592787,3.140914
10000000,omp,12,0.00840543,3.1416512
10000000,device,13,0.000732041,3.1407128
10000000,host,13,0.095295321,3.14134
10000000,omp,13,0.00938327,3.1418636
10000000,device,14,0.000738341,3.1413864
10000000,host,14,0.093465717,3.1414644
10000000,omp,14,0.009179899,3.14198
10000000,device,15,0.000748266,3.1408432
10000000,host,15,0.095035538,3.1414616
10000000,omp,15,0.008157126,3.1420036
10000000,device,16,0.000745185,3.1407596
10000000,host,16,0.095395673,3.1416124
10000000,omp,16,0.008209198,3.1421992
10000000,device,17,0.000748312,3.1405384
10000000,host,17,0.093546892,3.1409364
10000000,omp,17,0.008167604,3.1415764
10000000,device,18,0.000734522,3.1408136
10000000,host,18,0.094402622,3.1420392
10000000,omp,18,0.008211596,3.1412924
10000000,device,19,0.000726166,3.1411376
10000000,host,19,0.093372631,3.1417492
10000000,omp,19,0.006735421,3.1402456
10000000,device,20,0.000730685,3.1423556
10000000,host,20,0.094451636,3.1412272
10000000,omp,20,0.00811198,3.1415776
100000000,device,1,0.006644818,3.14158752
100000000,host,1,0.952986445,3.14148404
100000000,omp,1,0.070251754,3.14170432
100000000,device,2,0.00663563,3.14147936
100000000,host,2,0.943914627,3.14148732
100000000,omp,2,0.072885105,3.14141916
100000000,device,3,0.006651671,3.14155552
100000000,host,3,0.944453267,3.14154132
100000000,omp,3,0.072492895,3.14119492
100000000,device,4,0.006639948,3.1414048
100000000,host,4,0.955070479,3.1418704
100000000,omp,4,0.074429306,3.14160388
100000000,device,5,0.006623336,3.14180384
100000000,host,5,1.00454887,3.14181148
100000000,omp,5,0.073778991,3.14163328
100000000,device,6,0.006620504,3.14177536
100000000,host,6,0.994182468,3.14145172
100000000,omp,6,0.070453713,3.14141132
100000000,device,7,0.006620883,3.14139264
100000000,host,7,1.00241546,3.1416546
100000000,omp,7,0.068544999,3.1414248
100000000,device,8,0.006625135,3.14177152
100000000,host,8,0.996130694,3.14152216
100000000,omp,8,0.078539181,3.14149008
100000000,device,9,0.006640732,3.14167456
100000000,host,9,0.959985215,3.14164848
100000000,omp,9,0.069400198,3.14164812
100000000,device,10,0.006660774,3.1415648
100000000,host,10,1.01028556,3.14158908
100000000,omp,10,0.077985768,3.14183272
100000000,device,11,0.006632468,3.14150304
100000000,host,11,0.947583218,3.14104428
100000000,omp,11,0.073637022,3.14179616
100000000,device,12,0.006617406,3.14153024
100000000,host,12,0.920805927,3.14172404
100000000,omp,12,0.071949195,3.14152984
100000000,device,13,0.006629312,3.14169536
100000000,host,13,0.924743072,3.14133416
100000000,omp,13,0.067480111,3.1416618
100000000,device,14,0.006629607,3.14149152
100000000,host,14,0.91954237,3.14166528
100000000,omp,14,0.071475453,3.14155912
100000000,device,15,0.006619268,3.1416464
100000000,host,15,0.919465265,3.14163208
100000000,omp,15,0.074201864,3.14145764
100000000,device,16,0.00664206,3.14196
100000000,host,16,0.919151104,3.14166176
100000000,omp,16,0.071670778,3.14152112
100000000,device,17,0.006646561,3.14165024
100000000,host,17,0.951849181,3.1415094
100000000,omp,17,0.067764522,3.1415968
100000000,device,18,0.006620569,3.14156544
100000000,host,18,0.950276185,3.14142396
100000000,omp,18,0.074601177,3.1415466
100000000,device,19,0.006618115,3.14150304
100000000,host,19,0.953740349,3.141727
100000000,omp,19,0.068626368,3.14154532
100000000,device,20,0.006641644,3.141744
100000000,host,20,0.921227141,3.14158912
100000000,omp,20,0.077072225,3.14137656
1e+09,device,1,4.50470669,3.14155904
1e+09,host,1,9.67185512,3.14153487
1e+09,omp,1,0.6493987,3.14156633
1e+09,device,2,4.38398389,3.1416128
1e+09,host,2,9.54823314,3.14166805
1e+09,omp,2,0.65692334,3.14159749
1e+09,device,3,4.02886671,3.1416064
1e+09,host,3,9.21302155,3.14149134
1e+09,omp,3,0.698845964,3.1416718
1e+09,device,4,4.12021058,3.14156186
1e+09,host,4,9.65160691,3.14165507
1e+09,omp,4,0.655152506,3.14161319
1e+09,device,5,4.18069583,3.14155622
1e+09,host,5,9.54805202,3.14170453
1e+09,omp,5,0.706225826,3.14160758
1e+09,device,6,4.27689126,3.14165786
1e+09,host,6,9.37694202,3.14158542
1e+09,omp,6,0.6416272,3.14155868
1e+09,device,7,4.15792041,3.14157952
1e+09,host,7,9.51619458,3.14157177
1e+09,omp,7,0.683668011,3.141569
1e+09,device,8,4.30490641,3.14153293
1e+09,host,8,9.35275825,3.14156624
1e+09,omp,8,0.685956286,3.14157454
1e+09,device,9,4.24919877,3.14155853
1e+09,host,9,9.3002282,3.14154437
1e+09,omp,9,0.619644177,3.1415242
1e+09,device,10,4.05584942,3.14162637
1e+09,host,10,9.46396121,3.14161024
1e+09,omp,10,0.684735643,3.14149518
1e+09,device,11,4.02797365,3.1415831
1e+09,host,11,9.51131539,3.14156322
1e+09,omp,11,0.687856028,3.14163518
1e+09,device,12,3.88455239,3.14165171
1e+09,host,12,9.36005447,3.14162012
1e+09,omp,12,0.679027826,3.14162448
1e+09,device,13,3.88235551,3.14167603
1e+09,host,13,9.53676855,3.141601
1e+09,omp,13,0.64342063,3.14167004
1e+09,device,14,3.9598902,3.14159718
1e+09,host,14,9.58977262,3.1416158
1e+09,omp,14,0.679648902,3.14157369
1e+09,device,15,4.02577428,3.14147814
1e+09,host,15,9.2915331,3.14164742
1e+09,omp,15,0.697954673,3.1416449
1e+09,device,16,3.96080299,3.14164506
1e+09,host,16,9.49084149,3.14160705
1e+09,omp,16,0.637827968,3.14171462
1e+09,device,17,4.07975624,3.14162176
1e+09,host,17,9.630641,3.1417374
1e+09,omp,17,0.701221603,3.14158356
1e+09,device,18,3.93583222,3.14156851
1e+09,host,18,9.49243477,3.14162919
1e+09,omp,18,0.664273374,3.14165168
1e+09,device,19,3.93614485,3.14165376
1e+09,host,19,9.44866361,3.14173214
1e+09,omp,19,0.675068229,3.141612
1e+09,device,20,4.0116148,3.14153216
1e+09,host,20,9.62691771,3.14160104
1e+09,omp,20,0.69654197,3.14157174
