Samples,Sweeps,OneThread_over_GPU_Min,OneThread_over_GPU_Median,OneThread_over_GPU_Max,OpenMP_over_GPU_Min,OpenMP_over_GPU_Median,OpenMP_over_GPU_Max,OneThread_over_OpenMP_Min,OneThread_over_OpenMP_Median,OneThread_over_OpenMP_Max,Sweeps_GPU_Faster_Than_OneThread,Sweeps_GPU_Faster_Than_OpenMP
1,10,0.0001122,0.0002884,0.0004109,0.03411,0.08099,108.3,3.001e-06,0.00337,0.004315,0,1
10,10,0.000355,0.0007346,0.001867,0.02885,0.03818,0.09359,0.01223,0.01796,0.02083,0,0
100,10,0.002992,0.007774,0.01481,0.03036,0.05245,0.1003,0.09055,0.1005,0.1549,0,0
1000,10,0.02688,0.08292,0.1377,0.03096,0.05952,0.1216,0.8139,0.9361,1.441,0,0
10000,10,0.2505,0.9368,1.277,0.0451,0.0987,0.1887,4.867,5.657,10.32,2,0
100000,10,3.287,6.45,9.383,0.2407,0.5833,0.8728,8.874,11.02,14.12,10,0
1000000,10,34.36,79.46,90.09,2.972,6.271,7.356,10.77,12.32,16.12,10,10
10000000,10,123.4,126.5,134.2,9.039,10.98,20.97,5.885,11.61,13.72,10,10
100000000,10,139.1,141.2,143.4,10.89,11.73,12.08,11.66,11.98,13.17,10,10
1000000000,4,2.213,2.282,2.351,0.1463,0.1546,0.1681,13.99,14.76,15.13,4,0
