Samples,Method,Sweeps,Timed_Runs_Per_Sweep,Median_Of_Sweep_Medians_s,Min_Sweep_Median_s,Max_Sweep_Median_s,Lowest_P25_s,Highest_P75_s,Pi_Median,Pi_Min_Sweep_Median,Pi_Max_Sweep_Median
1,gpu,10,20,0.0001307625,9.24035e-05,0.0002998275,7.893425e-05,0.000305455,4,4,4
1,one_thread,10,20,3.575e-08,3e-08,4.55e-08,2.7e-08,5.5e-08,4,4,4
1,openmp,10,20,1.055775e-05,9.44e-06,0.011997907,9.29775e-06,0.012004263,4,4,4
10,gpu,10,20,0.00026766275,0.00011221,0.0003567775,0.000104465,0.00037166075,3.2,3.2,3.2
10,one_thread,10,20,1.835e-07,1.2e-07,2.095e-07,1.11e-07,2.2e-07,3.2,3.2,3.2
10,openmp,10,20,1.0494e-05,9.7495e-06,1.08445e-05,9.66875e-06,1.29085e-05,3.2,3.2,3.6
100,gpu,10,20,0.00021193525,0.000107408,0.000350582,9.749425e-05,0.000394722,3.14,3.14,3.14
100,one_thread,10,20,1.0655e-06,9.69e-07,1.6415e-06,9.68e-07,1.6595e-06,3.14,3.14,3.14
100,openmp,10,20,1.062e-05,9.69e-06,1.18515e-05,9.50525e-06,1.57605e-05,3.11,3.06,3.2
1000,gpu,10,20,0.000194327,8.62005e-05,0.0003590245,7.626e-05,0.000442811,3.146,3.146,3.146
1000,one_thread,10,20,1.02665e-05,9.316e-06,1.61775e-05,9.298e-06,1.65615e-05,3.142,3.142,3.142
1000,openmp,10,20,1.123575e-05,1.04815e-05,1.1759e-05,1.0232e-05,2.31075e-05,3.137,3.12,3.17
10000,gpu,10,20,0.000167434,9.62765e-05,0.0003886805,8.7815e-05,0.000466219,3.1468,3.1468,3.1468
10000,one_thread,10,20,0.00010099275,9.18345e-05,0.0001622615,9.071675e-05,0.00016385325,3.14,3.14,3.14
10000,openmp,10,20,1.7497e-05,1.56075e-05,2.13175e-05,1.5542e-05,4.79495e-05,3.1385,3.1324,3.1474
100000,gpu,10,20,0.00015662125,0.0001036305,0.0003082115,9.477975e-05,0.00041363525,3.1415,3.1415,3.1415
100000,one_thread,10,20,0.00100915025,0.000972314,0.0010585985,0.0009558675,0.0011121895,3.14372,3.14372,3.14372
100000,openmp,10,20,9.107775e-05,7.39025e-05,0.0001138565,6.17945e-05,0.0001152965,3.14228,3.14032,3.14274
1000000,gpu,10,20,0.0001261925,0.000116877,0.0002731415,0.00010803225,0.000282517,3.141684,3.141684,3.141684
1000000,one_thread,10,20,0.0100366722,0.00938494,0.01086507,0.00929576125,0.0110407867,3.14169,3.14169,3.14169
1000000,openmp,10,20,0.000846739,0.000612022,0.0009307275,0.00053797775,0.00339019325,3.141353,3.140988,3.141836
10000000,gpu,10,20,0.00080228725,0.0007291675,0.0008479675,0.0007242145,0.00085705,3.1412762,3.1412762,3.1412762
10000000,one_thread,10,20,0.100733546,0.094494776,0.106162015,0.0941580802,0.106900997,3.1415384,3.1415384,3.1415384
10000000,openmp,10,20,0.00864449725,0.007664975,0.0168709505,0.005945095,0.0199980138,3.1415874,3.1413296,3.1419314
100000000,gpu,10,20,0.00718133975,0.0066310375,0.0072450385,0.0066208045,0.0072508895,3.14157648,3.14157648,3.14157648
100000000,one_thread,10,20,1.0059993,0.938561091,1.03112271,0.923864089,1.04768786,3.1415891,3.1415891,3.1415891
100000000,openmp,10,20,0.084289586,0.072221045,0.0866523395,0.0699693382,0.088558061,3.1415734,3.14154596,3.14163776
1000000000,gpu,4,20,4.39914627,4.04235807,4.57993135,3.9605748,4.69298435,3.14159014,3.14159014,3.14159014
1000000000,one_thread,4,20,9.91770582,9.50187508,10.3849558,9.37272014,10.4687126,3.14160864,3.14160864,3.14160864
1000000000,openmp,4,20,0.685805141,0.635467778,0.703850657,0.619350041,0.734367329,3.14160135,3.14159602,3.14161189
